IP地址,端口,TLS,数据中心,地区,城市,网络延迟,下载速度
152.70.155.147,8443,true,LAX,North America,Los Angeles,210 ms,9435 kB/s
129.146.171.186,8443,true,LAX,North America,Los Angeles,204 ms,9054 kB/s
158.101.199.249,8443,true,AMS,Europe,Amsterdam,283 ms,6956 kB/s
129.151.225.228,8443,true,MRS,Europe,Marseille,254 ms,6537 kB/s
129.151.198.3,8443,true,ARN,Europe,Stockholm,315 ms,5997 kB/s
150.230.20.156,8443,true,AMS,Europe,Amsterdam,255 ms,5989 kB/s
132.226.163.224,8443,true,GRU,South America,S?o Paulo,329 ms,5533 kB/s
204.216.105.106,8443,true,YYZ,North America,Toronto,252 ms,4444 kB/s
141.147.16.152,8443,true,FRA,Europe,Frankfurt,236 ms,2732 kB/s
141.147.61.116,8443,true,FRA,Europe,Frankfurt,378 ms,2049 kB/s
141.145.205.115,8443,true,CDG,Europe,Paris,243 ms,1618 kB/s
144.24.20.92,8443,true,LAX,North America,Los Angeles,200 ms,216 kB/s
132.145.54.84,8443,true,LHR,Europe,London,301 ms,98 kB/s
158.180.230.4,8443,true,MXP,Europe,Milan,262 ms,37 kB/s
